filename,volume,cog_x,cog_y,cog_z,num_faces,num_vertices,num_edges
Testing.stl,524.271813,6.609478354684069e-05,2.1996883513490017e-05,5.723181371949898,2614,1307,7842
Testing.stl,524.271813,6.609478354684069e-05,2.1996883513490017e-05,5.723181371949898,2614,1307,7842
PFM_0810_15.stl,520.4966836293333,0.00037166807420259987,1.0925244554519386e-07,6.1305085356433935,2056,1028,6168
PFM_0608_08.stl,238.9364708136667,0.0002551684448896484,-1.873772582695849e-07,3.054629307631983,2056,1028,6168
PFM_0608_08.stl,238.9364708136667,0.0002551684448896484,-1.873772582695849e-07,3.054629307631983,2056,1028,6168
