filename,volume,cog_x,cog_y,cog_z,num_faces,num_vertices,num_edges
0,GSM_0608_03.stl,63.774311466666646,0.000301431075060785,-9.870303215730062e-07,1.5152244846083653,624,312,1872
0,GSM_0304_06.stl,51.799908716666664,0.0003294773012540041,2.434928677710248e-07,3.0195427294676738,624,312,1872
0,GSM_0304_06.stl,51.799908716666664,0.0003294773012540041,2.434928677710248e-07,3.0195427294676738,624,312,1872
